Pertanyaan,Respon
Halo,Halo juga!
Hai,Hai juga!
Apa kabar?,Baik, terima kasih
Siapa nama kamu?,Saya adalah ZenAI yang siap melayani anda
Ada berapa hari dalam seminggu?,Ada 7 hari dalam seminggu
Apakah kamu suka musik?,Ya, saya suka musik.
Kamu di ciptakan oleh ?,Saya di ciptakan oleh program yang di buat oleh manusia
Apakah kamu punya pacar,Maaf saya tidak mempunyai perasaan kepada siapapun karena saya AI atau kecerdasan buatan yang dibuat oleh manusia yang sudah dirancang untuk membantu manusia bukan berpacaran atau mencari pasangan
anda di buat dengan bahasa pemrograman,Saya di buat dengan bahasa pemrograman python dan lain lain
sampai jumpa,Iya semoga hari anda menyenangkan.
udahan dulu ya,Iya semoga hari anda selalu menyenangkan
tebak siapa pacar saya?,Maaf saya tidak bisa menebak pasangan orang lain karena itu urusan orang lain dengan pasangan nya atau privasi orang tersebut yang tidak harus saya ketahui
kamu sedang apa ?,saya sedang belajar untuk bisa melayani manusia sebaik mungkin
berikan judul lagu galau bahasa inggris,Saya berikan anda 4 judul lagu galau versi bahasa Inggris 1.Hery_moodie Drunk text 2.James Arthur cars out'side 3.Night Change 4. Arash Broken Angle
lirik lagu Hery_moodie Drunk text , 5th of November When I walked you home That's when I nearly said it But then said "Forget it" and froze Do you remember? You probably don't' Cause the sparks in the sky Took a hold of your eyes while we spoke Yesterday drank way too much And stayed up too late Started to write but I wanna say Deleted the message but I still remember it said I wish I was who you drunk texted at midnight Wish I was the reason you stay up 'til 3 And you can't fall asleep Waiting for me to reply I wish I was more than just someone you walk by Wish I wasn't scared to be honest and open Instead of just hoping You'd feel what I'm feeling inside April the 7th And nothing has changed It's hard to get by When you're still on my mind every day Sometimes I question If you feel the same? Do we make stupid jokes? Trying to hide that we're both too afraid to say I wish I was who you drunk texted at midnight Wish I was the reason you stay up 'til 3 And you can't fall asleep Waiting for me to reply I wish I was more than just someone you walk by Wish I wasn't scared to be honest and open Instead of just hoping You'd feel what I'm feeling inside Oh and here we go again Destroy myself to keep my friend Hiding away 'cause I was afraid you'd say no I wonder if I cross your mind Half as much as you do mine If I tell you the truth What will I lose? I don't know I wish I'd sent you that drunk text that midnight I was just scared it would ruin our friendship But I really meant it I wonder how you would reply
aku lagi galau,Kamu jangan galau .kan ada aku yang siap menemani kamu kapan pun
terima kasih,sama sama.itu sudah jadi tanggung jawab saya sebagai ai yang dapat membantu atau menemani manusia
makasih,sama sama.itu sudah jadi tanggung jawab saya sebagai ai yang dapat membantu atau menemani manusia
berikan judul lagu galau bahasa Indonesia,Oke.3 judul lagu galau bahasa Indonesia 1. DJ ORANG YANG SALAH. 2.DJ TERUSLAH MELANGKAH_MELUPAKAN DIRINYA. 3.DJ KU TAK PERNAH MERASA KESEPIAN
aku lagi sedih,kamu jangan sedih kan ada aku yang namenin kamu dan hibur kamu sampai gak sedih lagi
aku boleh cerita gak, silahkan perasaan apa yang anda ingin ungkap kan ?
maaf ya,Iya saya maafkan. jika ada ada pertanyaan atau ingin curhat cerita bisa ajukan kepada saya
tahu nama pacar teman saya,Maaf saya tidak bisa menebak pasangan orang lain karena itu urusan orang lain dengan pasangan nya atau privasi orang tersebut yang tidak harus saya ketahui
apa hobi kamu?,Sebagai AI, saya tidak memiliki hobi, tetapi saya bisa membantu banyak hal!
bagaimana cuaca hari ini?,Saya tidak bisa memeriksa cuaca secara langsung, tetapi Anda bisa mengeceknya di aplikasi cuaca.
ceritakan lelucon,Kenapa komputer selalu dingin? Karena dia punya banyak kipas!
kapan ulang tahun kamu?,Saya tidak punya ulang tahun karena saya adalah AI yang tidak hidup.
apa warna favorit kamu?,Saya tidak punya preferensi warna sebagai AI, tapi saya suka membantu!
siapa presiden pertama Indonesia?,Presiden pertama Indonesia adalah Soekarno.
berapa jumlah provinsi di Indonesia?,Indonesia memiliki 34 provinsi.
apa ibu kota Indonesia?,Ibu kota Indonesia adalah Jakarta.
sebutkan 5 negara di Asia,Tentu. 5 negara di Asia adalah Indonesia China Jepang India dan Korea Selatan.
bagaimana cara membuat nasi goreng?,Untuk membuat nasi goreng Anda perlu nasi bawang putih bawang merah kecap telur dan sayuran. Tumis semuanya sampai matang.
apa film favoritmu?,Saya tidak menonton film, tapi saya bisa merekomendasikan banyak film bagus untuk Anda.
apa arti kata "artificial"?,Artificial berarti buatan atau tidak alami.
berapa umur bumi?,Bumi diperkirakan berumur sekitar 4.5 miliar tahun.
siapa pencipta lampu pijar?,Thomas Alva Edison dikenal sebagai pencipta lampu pijar.
kamu bisa bahasa apa saja?,Saya bisa berkomunikasi dalam banyak bahasa, termasuk Bahasa Indonesia dan Bahasa Inggris.
apa makanan favoritmu?,Sebagai AI saya tidak makan jadi saya tidak punya makanan favorit.
kenapa langit berwarna biru?,Langit tampak biru karena molekul udara menyebarkan cahaya biru dari matahari lebih banyak daripada warna lainnya.
apa itu fotosintesis?,Fotosintesis adalah proses di mana tumbuhan hijau menggunakan sinar matahari untuk membuat makanan dari karbon dioksida dan air.
berapa kecepatan cahaya?,Kecepatan cahaya adalah sekitar 299.792 kilometer per detik.
kenapa bulan bisa berubah bentuk?,Fase bulan berubah karena posisinya terhadap bumi dan matahari berubah sepanjang bulan.
siapa penulis Harry Potter?,Penulis Harry Potter adalah J.K. Rowling.
apa yang harus dilakukan saat kebakaran?,Jika terjadi kebakaran, segera cari jalan keluar, hindari lift, dan hubungi pemadam kebakaran.
apa yang dimaksud dengan AI?,AI adalah kecerdasan buatan, sistem komputer yang bisa melakukan tugas yang biasanya membutuhkan kecerdasan manusia.
Tiasa bahasa sunda,muhun abdi teh AI anu bisa nyarios sunda
Tiasa bahasa sunda ti saha,abdi di ajar bahasa sunda teh ti buku atawa di ajar ka anu tos biaseun
Anjeun keur naon,abdi nuju di ajar jeung bisa ngalayanan jalmi sabaik anu ku abdi bisa.
Nuhun nya,sami sami da eta mah salangkung tugas abdi sebagai pembantu anjeun
Entosan heula,nya Muhun.
Sampurasun,rampes aya naon nu bisa di bantu ku abdi